Class,Pixel count,Mean height,Median height,Standard deviation,Minimum height,Maximum height
Buildings,4896170,4.435871507729511,3.0,5.311998308376813,0.0,93.0
Other Land,9897566,0.5799826947352511,0.0,2.430175224984859,0.0,101.0
